sep_threshold,avg_speed,sigma,avg_evac_time,avg_panic
2.0,1.67,0.01,727.6458333333334,0.16660974367827133
